"","ID","Description","GeneRatio","BgRatio","RichFactor","FoldEnrichment","zScore","pvalue","p.adjust","qvalue","geneID","Count"
"GO:0009615","GO:0009615","response to virus","67/181","445/18860",0.150561797752809,15.6883729592153,30.8666602657898,2.26555371036123e-62,5.78622417626259e-59,4.94367667534614e-59,"ISG15/ISG20/IFIT3/IFI6/IFIT1/MX1/PLSCR1/IRF7/IFIT2/CXCL10/IFI44L/GBP1/HERC5/OAS1/IFITM2/BST2/NT5C3A/MX2/RSAD2/EIF2AK2/OASL/IFITM3/IFI16/TRIM22/NMI/GBP2/IFI44/OAS2/STAT1/IFIH1/GBP5/DDX60L/NPC2/IFITM1/OAS3/IFIT5/PARP9/LGALS9/PMAIP1/CCL8/IRF1/ADAR/RTP4/DHX58/TREX1/DDX60/PML/STAT2/CASP1/UNC93B1/GBP7/DTX3L/ZBP1/HIF1A/TLR7/ZNFX1/APOBEC3A/SAMHD1/MYD88/TANK/IFI27/TRIM25/IRF2/TRIM21/IRF9/AIM2/TRIM38",67
"GO:0051607","GO:0051607","defense response to virus","61/181","334/18860",0.182634730538922,19.0303371158236,32.7271402074118,8.36454114528778e-62,1.06815190425325e-58,9.12615462851661e-59,"ISG15/ISG20/IFIT3/IFI6/IFIT1/MX1/PLSCR1/IRF7/IFIT2/CXCL10/IFI44L/GBP1/HERC5/OAS1/IFITM2/BST2/NT5C3A/MX2/RSAD2/EIF2AK2/OASL/IFITM3/IFI16/TRIM22/GBP2/OAS2/STAT1/IFIH1/GBP5/DDX60L/IFITM1/OAS3/IFIT5/PARP9/PMAIP1/IRF1/ADAR/RTP4/DHX58/TREX1/DDX60/PML/STAT2/CASP1/UNC93B1/GBP7/DTX3L/ZBP1/TLR7/ZNFX1/APOBEC3A/SAMHD1/MYD88/TANK/IFI27/TRIM25/IRF2/TRIM21/IRF9/AIM2/TRIM38",61
"GO:0050792","GO:0050792","regulation of viral process","31/181","141/18860",0.219858156028369,22.908976920967,25.7046762730554,1.15895439961539e-33,9.86656512205906e-31,8.4298683172025e-31,"ISG15/ISG20/IFIT1/MX1/PLSCR1/OAS1/IFITM2/BST2/DYNLT1/RSAD2/EIF2AK2/OASL/IFITM3/IFI16/OAS2/STAT1/IFIH1/IFITM1/OAS3/IFIT5/LGALS9/SP100/ADAR/LAMP3/GBP7/ZNFX1/APOBEC3A/TRIM25/TRIM21/STOM/TRIM38",31
"GO:1903900","GO:1903900","regulation of viral life cycle","27/181","115/18860",0.234782608695652,24.4640883977901,24.8445817851312,3.14014841493598e-30,2.00498476293663e-27,1.71303359583218e-27,"ISG15/ISG20/IFIT1/MX1/PLSCR1/OAS1/IFITM2/BST2/RSAD2/EIF2AK2/OASL/IFITM3/IFI16/OAS2/IFIH1/IFITM1/OAS3/IFIT5/LGALS9/ADAR/LAMP3/GBP7/ZNFX1/APOBEC3A/TRIM25/TRIM21/TRIM38",27
"GO:0016032","GO:0016032","viral process","40/181","396/18860",0.101010101010101,10.5251409118812,18.8572306477817,1.76004527079236e-29,8.99031124320737e-27,7.68120809758434e-27,"ISG15/ISG20/IFIT1/MX1/PLSCR1/IRF7/OAS1/IFITM2/BST2/DYNLT1/RSAD2/EIF2AK2/OASL/IFITM3/IFI16/GBP2/OAS2/STAT1/IFIH1/GBP5/IFITM1/OAS3/IFIT5/PARP9/LGALS9/CCL8/SP100/ADAR/CCL2/DEK/LAMP3/GBP7/ZNFX1/APOBEC3A/CHMP5/TRIM25/TRIM21/STOM/PARP10/TRIM38",40
"GO:0048525","GO:0048525","negative regulation of viral process","23/181","76/18860",0.302631578947368,31.533876126781,26.2552708212182,1.01657555586009e-28,4.3272232827778e-26,3.69712478473329e-26,"ISG15/ISG20/IFIT1/MX1/PLSCR1/OAS1/IFITM2/BST2/RSAD2/EIF2AK2/OASL/IFITM3/IFI16/OAS2/STAT1/IFIH1/IFITM1/OAS3/IFIT5/SP100/ZNFX1/APOBEC3A/TRIM21",23
"GO:0019079","GO:0019079","viral genome replication","26/181","117/18860",0.222222222222222,23.1553100061387,23.6631750333345,1.8662240351324e-28,6.80905169389734e-26,5.81756755613452e-26,"ISG15/ISG20/IFIT1/MX1/PLSCR1/OAS1/IFITM2/BST2/RSAD2/EIF2AK2/OASL/IFITM3/IFI16/OAS2/IFIH1/IFITM1/OAS3/IFIT5/CCL8/ADAR/CCL2/DEK/GBP7/ZNFX1/APOBEC3A/TRIM38",26
"GO:0045069","GO:0045069","regulation of viral genome replication","23/181","80/18860",0.2875,29.957182320442,25.5490823840046,3.9407084680393e-28,1.25807117842154e-25,1.07488008608493e-25,"ISG15/ISG20/IFIT1/MX1/PLSCR1/OAS1/IFITM2/BST2/RSAD2/EIF2AK2/OASL/IFITM3/IFI16/OAS2/IFIH1/IFITM1/OAS3/IFIT5/ADAR/GBP7/ZNFX1/APOBEC3A/TRIM38",23
"GO:0045071","GO:0045071","negative regulation of viral genome replication","20/181","50/18860",0.4,41.6795580110497,28.3523222664329,5.50401717127798e-28,1.56191776171599e-25,1.33448275977301e-25,"ISG15/ISG20/IFIT1/MX1/PLSCR1/OAS1/IFITM2/BST2/RSAD2/EIF2AK2/OASL/IFITM3/IFI16/OAS2/IFIH1/IFITM1/OAS3/IFIT5/ZNFX1/APOBEC3A",20
"GO:0019058","GO:0019058","viral life cycle","34/181","298/18860",0.114093959731544,11.8884645333531,18.650230143219,7.81082125954343e-27,1.99488374968739e-24,1.70440341800353e-24,"ISG15/ISG20/IFIT1/MX1/PLSCR1/OAS1/IFITM2/BST2/DYNLT1/RSAD2/EIF2AK2/OASL/IFITM3/IFI16/GBP2/OAS2/IFIH1/GBP5/IFITM1/OAS3/IFIT5/LGALS9/CCL8/ADAR/CCL2/DEK/LAMP3/GBP7/ZNFX1/APOBEC3A/CHMP5/TRIM25/TRIM21/TRIM38",34
"GO:0034340","GO:0034340","response to type I interferon","22/181","99/18860",0.222222222222222,23.1553100061387,21.7565106400166,3.31587873977167e-24,7.69886754670622e-22,6.57781495459012e-22,"ISG15/IFIT1/MX1/IRF7/OAS1/IFITM2/OASL/IFITM3/OAS2/STAT1/IFIH1/IFITM1/OAS3/SP100/ADAR/TREX1/STAT2/ZBP1/SAMHD1/MYD88/TANK/IFI27",22
"GO:0140888","GO:0140888","interferon-mediated signaling pathway","23/181","121/18860",0.190082644628099,19.8064015341765,20.4289944602284,1.37494905597414e-23,2.92634990746495e-21,2.50023630967928e-21,"ISG15/IRF7/OAS1/IFITM2/OASL/IFITM3/PARP14/OAS2/STAT1/IFIH1/IFITM1/OAS3/PARP9/SP100/IRF1/ADAR/TREX1/STAT2/ZBP1/SAMHD1/MYD88/TANK/IFI27",23
"GO:0071357","GO:0071357","cellular response to type I interferon","21/181","93/18860",0.225806451612903,23.5287827481732,21.438953431486,2.62257297414745e-23,5.15234721228661e-21,4.40210022300216e-21,"ISG15/IFIT1/IRF7/OAS1/IFITM2/OASL/IFITM3/OAS2/STAT1/IFIH1/IFITM1/OAS3/SP100/ADAR/TREX1/STAT2/ZBP1/SAMHD1/MYD88/TANK/IFI27",21
"GO:0060337","GO:0060337","type I interferon-mediated signaling pathway","20/181","92/18860",0.217391304347826,22.6519337016575,20.4928995620719,6.91407959402839e-22,1.26132566308204e-19,1.077660676573e-19,"ISG15/IRF7/OAS1/IFITM2/OASL/IFITM3/OAS2/STAT1/IFIH1/IFITM1/OAS3/SP100/ADAR/TREX1/STAT2/ZBP1/SAMHD1/MYD88/TANK/IFI27",20
"GO:0035456","GO:0035456","response to interferon-beta","14/181","37/18860",0.378378378378378,39.4266089293714,23.030868100589,1.70173549149584e-19,2.89748829685359e-17,2.47557731499711e-17,"PLSCR1/OAS1/IFITM2/BST2/IFITM3/IFI16/XAF1/STAT1/MNDA/IFITM1/IRF1/TREX1/PNPT1/AIM2",14
"GO:0034341","GO:0034341","response to type II interferon","20/181","129/18860",0.155038759689922,16.1548674461433,17.0015423646146,8.65969127651195e-19,1.38230322001322e-16,1.18102236948745e-16,"GBP1/IFITM2/BST2/IFITM3/GBP4/PARP14/GBP2/STAT1/GBP5/IRF8/IFITM1/NUB1/PARP9/LGALS9/SP100/IRF1/CCL2/CASP1/GBP7/TRIM21",20
"GO:0002218","GO:0002218","activation of innate immune response","28/181","362/18860",0.0773480662983425,8.05958304081072,13.3503531950061,1.24672661238217e-17,1.87302339295533e-15,1.60028747211655e-15,"IRF7/OAS1/IFI35/RSAD2/EIF2AK2/OASL/IFI16/NMI/GBP2/IFIH1/GBP5/MNDA/OAS3/IRF1/DHX58/TREX1/DDX60/CASP4/CASP1/UNC93B1/GSDMD/ZBP1/TLR7/ZNFX1/AP3B1/MYD88/TRIM25/AIM2",28
"GO:0045089","GO:0045089","positive regulation of innate immune response","30/181","432/18860",0.0694444444444444,7.23603437691835,12.9072308874653,1.54821606619479e-17,2.19674657392305e-15,1.87687245919403e-15,"PLSCR1/IRF7/OAS1/IFI35/RSAD2/EIF2AK2/OASL/IFI16/NMI/GBP2/IFIH1/GBP5/MNDA/OAS3/PARP9/IRF1/DHX58/TREX1/DDX60/CASP4/CASP1/UNC93B1/GSDMD/ZBP1/TLR7/ZNFX1/AP3B1/MYD88/TRIM25/AIM2",30
"GO:0140374","GO:0140374","antiviral innate immune response","16/181","79/18860",0.20253164556962,21.1035736764809,17.6258172058653,3.37020522576372e-17,4.53026534031608e-15,3.87060134792698e-15,"IFIT3/IFIT1/MX1/IFIT2/CXCL10/OAS1/EIF2AK2/OASL/TRIM22/OAS2/IFIH1/OAS3/DHX58/ZBP1/TRIM25/TRIM21",16
"GO:0032479","GO:0032479","regulation of type I interferon production","19/181","136/18860",0.139705882352941,14.5571985700357,15.619312057154,5.02944368846313e-17,6.11676151444515e-15,5.22608359207221e-15,"ISG15/IRF7/OAS1/XAF1/NMI/OAS2/STAT1/IFIH1/IRF8/OAS3/IRF1/DHX58/TREX1/GBP7/TLR7/MYD88/TANK/TRIM21/TRIM38",19
"GO:0032606","GO:0032606","type I interferon production","19/181","136/18860",0.139705882352941,14.5571985700357,15.619312057154,5.02944368846313e-17,6.11676151444515e-15,5.22608359207221e-15,"ISG15/IRF7/OAS1/XAF1/NMI/OAS2/STAT1/IFIH1/IRF8/OAS3/IRF1/DHX58/TREX1/GBP7/TLR7/MYD88/TANK/TRIM21/TRIM38",19
"GO:0002833","GO:0002833","positive regulation of response to biotic stimulus","30/181","465/18860",0.0645161290322581,6.72250935662092,12.2994275449607,1.16871732353812e-16,1.35677456559834e-14,1.15921101038015e-14,"PLSCR1/IRF7/OAS1/IFI35/RSAD2/EIF2AK2/OASL/IFI16/NMI/GBP2/IFIH1/GBP5/MNDA/OAS3/PARP9/IRF1/DHX58/TREX1/DDX60/CASP4/CASP1/UNC93B1/GSDMD/ZBP1/TLR7/ZNFX1/AP3B1/MYD88/TRIM25/AIM2",30
"GO:0002221","GO:0002221","pattern recognition receptor signaling pathway","25/181","325/18860",0.0769230769230769,8.01529961750956,12.5577957785689,8.97250105087252e-16,9.96337725388192e-14,8.51258337686899e-14,"IRF7/OAS1/IFI35/RSAD2/EIF2AK2/OASL/IFI16/NMI/GBP2/IFIH1/GBP5/OAS3/IRF1/DHX58/TREX1/DDX60/CASP4/CASP1/UNC93B1/GSDMD/TLR7/AP3B1/MYD88/TRIM25/AIM2",25
"GO:0002758","GO:0002758","innate immune response-activating signaling pathway","25/181","342/18860",0.0730994152046784,7.616878291493,12.1560076927664,2.9356929639559e-15,3.12406659580974e-13,2.66916294485991e-13,"IRF7/OAS1/IFI35/RSAD2/EIF2AK2/OASL/IFI16/NMI/GBP2/IFIH1/GBP5/OAS3/IRF1/DHX58/TREX1/DDX60/CASP4/CASP1/UNC93B1/GSDMD/TLR7/AP3B1/MYD88/TRIM25/AIM2",25
"GO:0035455","GO:0035455","response to interferon-alpha","9/181","21/18860",0.428571428571429,44.6566692975533,19.7039424290658,1.50514105991555e-13,1.53765210680972e-11,1.31375049145471e-11,"OAS1/IFITM2/BST2/MX2/EIF2AK2/IFITM3/IFITM1/ADAR/LAMP3",9
"GO:0002753","GO:0002753","cytoplasmic pattern recognition receptor signaling pathway","19/181","219/18860",0.0867579908675799,9.04008678321855,11.7806701788443,3.62498784287152e-13,3.56085344257456e-11,3.04234809646666e-11,"IRF7/OAS1/RSAD2/EIF2AK2/OASL/IFI16/GBP2/IFIH1/GBP5/OAS3/DHX58/TREX1/DDX60/CASP4/UNC93B1/GSDMD/TLR7/MYD88/TRIM25",19
"GO:0002832","GO:0002832","negative regulation of response to biotic stimulus","16/181","144/18860",0.111111111111111,11.5776550030694,12.5425526443591,6.27144308958306e-13,5.9323206114056e-11,5.0684996197683e-11,"ISG15/OAS1/IFI16/PARP14/NMI/OAS3/CARD16/LGALS9/ADAR/DHX58/TREX1/STAT2/TRAFD1/SAMHD1/TRIM21/TRIM38",16
"GO:0071346","GO:0071346","cellular response to type II interferon","14/181","103/18860",0.135922330097087,14.1629566056965,13.1859729153624,1.10795376939928e-12,1.01061211680206e-10,8.63454196979216e-11,"GBP1/GBP4/PARP14/GBP2/STAT1/GBP5/IRF8/PARP9/LGALS9/SP100/IRF1/CCL2/CASP1/GBP7",14
"GO:0045824","GO:0045824","negative regulation of innate immune response","14/181","104/18860",0.134615384615385,14.0267743306417,13.1130964017414,1.26970328023146e-12,1.11821454403833e-10,9.55388348428245e-11,"ISG15/OAS1/IFI16/PARP14/NMI/OAS3/LGALS9/ADAR/DHX58/TREX1/STAT2/TRAFD1/SAMHD1/TRIM21",14
"GO:0060759","GO:0060759","regulation of response to cytokine stimulus","18/181","210/18860",0.0857142857142857,8.93133385951066,11.3772753074178,1.91660868082519e-12,1.63167285694251e-10,1.39408062994758e-10,"ISG15/IRF7/OAS1/PARP14/IFIH1/OAS3/CARD16/PARP9/ADAR/TREX1/CASP4/STAT2/CASP1/ZBP1/STAP1/HIF1A/SAMHD1/TANK",18
"GO:0032481","GO:0032481","positive regulation of type I interferon production","13/181","91/18860",0.142857142857143,14.8855564325178,13.0702899928164,3.79340522962179e-12,3.12527643756582e-10,2.67019661833819e-10,"ISG15/IRF7/OAS1/XAF1/OAS2/STAT1/IFIH1/OAS3/IRF1/DHX58/TLR7/MYD88/TANK",13
"GO:0035458","GO:0035458","cellular response to interferon-beta","9/181","29/18860",0.310344827586207,32.3375881120213,16.6245417125941,4.80122745456284e-12,3.83197966217296e-10,3.27399490569367e-10,"OAS1/IFITM2/IFI16/STAT1/MNDA/IRF1/TREX1/PNPT1/AIM2",9
"GO:0001959","GO:0001959","regulation of cytokine-mediated signaling pathway","17/181","198/18860",0.0858585858585859,8.94636977509906,11.0648130315363,7.90412562137284e-12,6.11731419302613e-10,5.22655579365419e-10,"ISG15/IRF7/OAS1/PARP14/OAS3/CARD16/PARP9/ADAR/TREX1/CASP4/STAT2/CASP1/ZBP1/STAP1/HIF1A/SAMHD1/TANK",17
"GO:0070269","GO:0070269","pyroptotic inflammatory response","10/181","50/18860",0.2,20.8397790055249,13.8276774764037,3.80506534690162e-11,2.85827555764316e-09,2.44207444709816e-09,"GBP1/GBP2/GBP5/CASP4/CASP1/GSDMD/ZBP1/IFI27/TRIM21/AIM2",10
"GO:0032608","GO:0032608","interferon-beta production","10/181","62/18860",0.161290322580645,16.8062733915523,12.271321039023,3.60635126157377e-10,2.55850586723873e-08,2.18595501907673e-08,"ISG15/IRF7/OAS1/NMI/OAS2/IFIH1/OAS3/IRF1/TLR7/TRIM38",10
"GO:0032648","GO:0032648","regulation of interferon-beta production","10/181","62/18860",0.161290322580645,16.8062733915523,12.271321039023,3.60635126157377e-10,2.55850586723873e-08,2.18595501907673e-08,"ISG15/IRF7/OAS1/NMI/OAS2/IFIH1/OAS3/IRF1/TLR7/TRIM38",10
"GO:0060338","GO:0060338","regulation of type I interferon-mediated signaling pathway","9/181","45/18860",0.2,20.8397790055249,13.1163435211779,3.72371760187823e-10,2.57037155545865e-08,2.19609291285735e-08,"ISG15/IRF7/OAS1/OAS3/ADAR/TREX1/STAT2/ZBP1/SAMHD1",9
"GO:0060339","GO:0060339","negative regulation of type I interferon-mediated signaling pathway","7/181","23/18860",0.304347826086957,31.7127071823204,14.5076795747712,1.43739581971288e-09,9.66081295670185e-08,8.25407627220168e-08,"ISG15/OAS1/OAS3/ADAR/TREX1/STAT2/SAMHD1",7
"GO:0030522","GO:0030522","intracellular receptor signaling pathway","21/181","447/18860",0.0469798657718121,4.89525010196893,8.2044342554934,2.13930813316708e-09,1.40097255695095e-07,1.19697321458984e-07,"IRF7/OAS1/RSAD2/EIF2AK2/OASL/IFI16/GBP2/IFIH1/GBP5/OAS3/SP100/DHX58/TREX1/DDX60/CASP4/PML/UNC93B1/GSDMD/TLR7/MYD88/TRIM25",21
"GO:0032728","GO:0032728","positive regulation of interferon-beta production","8/181","41/18860",0.195121951219512,20.3314917127072,12.1977809930577,4.49317829962904e-09,2.86889434431314e-07,2.45114700398184e-07,"ISG15/IRF7/OAS1/OAS2/IFIH1/OAS3/IRF1/TLR7",8
"GO:0001960","GO:0001960","negative regulation of cytokine-mediated signaling pathway","11/181","108/18860",0.101851851851852,10.6128504194803,9.86193354623035,7.21851952579184e-09,4.49660948021277e-07,3.8418462071801e-07,"ISG15/OAS1/PARP14/OAS3/CARD16/ADAR/TREX1/STAT2/STAP1/SAMHD1/TANK",11
"GO:0060761","GO:0060761","negative regulation of response to cytokine stimulus","11/181","113/18860",0.0973451327433628,10.1432552681758,9.59612692427759,1.16707942244165e-08,7.09695439265707e-07,6.0635479767457e-07,"ISG15/OAS1/PARP14/OAS3/CARD16/ADAR/TREX1/STAT2/STAP1/SAMHD1/TANK",11
"GO:0042742","GO:0042742","defense response to bacterium","18/181","361/18860",0.0498614958448753,5.19551277146049,7.92293930312689,1.29711217412498e-08,7.70424300631441e-07,6.5824076792193e-07,"ISG15/GBP1/OAS1/GBP4/RBCK1/GBP2/PLAC8/OAS2/RNF213/GBP5/IRF8/OAS3/CASP4/CASP1/GSDMD/GBP7/ZNFX1/MYD88",18
"GO:0050729","GO:0050729","positive regulation of inflammatory response","13/181","179/18860",0.0726256983240224,7.56751751597272,8.69059480588291,1.89476194960514e-08,1.09982318620262e-06,9.39675005151065e-07,"GBP1/IFI35/NMI/GBP2/GBP5/CASP4/CASP1/GSDMD/ZBP1/STAP1/TLR7/IDO1/AIM2",13
"GO:0070555","GO:0070555","response to interleukin-1","11/181","123/18860",0.0894308943089431,9.31860036832412,9.1111793352666,2.8475525898664e-08,1.61614429211529e-06,1.38081322077031e-06,"GBP1/GBP2/LGALS9/CD38/CCL2/CASP1/GSDMD/ZBP1/HIF1A/MYD88/TANK",11
"GO:0039530","GO:0039530","MDA-5 signaling pathway","5/181","11/18860",0.454545454545455,47.3631341034656,15.1407287203108,3.39642264657908e-08,1.88575292160064e-06,1.61116342021932e-06,"IRF7/IFIH1/OAS3/DHX58/DDX60",5
"GO:0050777","GO:0050777","negative regulation of immune response","14/181","226/18860",0.0619469026548673,6.45479880702098,8.1208542775883,3.99270104150682e-08,2.16965073617201e-06,1.85372211848682e-06,"ISG15/OAS1/IFI16/PARP14/NMI/OAS3/LGALS9/ADAR/DHX58/TREX1/STAT2/TRAFD1/SAMHD1/TRIM21",14
"GO:0007249","GO:0007249","canonical NF-kappaB signal transduction","17/181","359/18860",0.0473537604456825,4.93420951384293,7.40847660258998,7.09045542689908e-08,3.77271315839589e-06,3.22335835525478e-06,"TNFSF10/BST2/TRIM22/RBCK1/STAT1/CARD16/IFIT5/LGALS9/CASP1/GBP7/CFLAR/TLR7/MYD88/TANK/TRIM25/TRIM21/TRIM38",17
"GO:0032102","GO:0032102","negative regulation of response to external stimulus","19/181","452/18860",0.0420353982300885,4.38004204762138,7.15994727350751,7.65533933227243e-08,3.99015033767833e-06,3.40913392820639e-06,"ISG15/OAS1/IFI16/PARP14/NMI/OAS3/CARD16/LGALS9/ADAR/DHX58/TREX1/CCL2/STAT2/TRAFD1/STAP1/SAMHD1/TMX1/TRIM21/TRIM38",19
"GO:0062207","GO:0062207","regulation of pattern recognition receptor signaling pathway","13/181","203/18860",0.0640394088669951,6.67283564216313,7.99924725338038,8.40726915677359e-08,4.29443308527995e-06,3.66910925515614e-06,"IRF7/IFI35/RSAD2/EIF2AK2/OASL/IFI16/GBP2/GBP5/IRF1/DHX58/TREX1/DDX60/MYD88",13
"GO:0043122","GO:0043122","regulation of canonical NF-kappaB signal transduction","16/181","332/18860",0.0481927710843374,5.0216334953072,7.27744726128558,1.3792454138741e-07,6.90704468045969e-06,5.90129152313932e-06,"TNFSF10/BST2/TRIM22/RBCK1/STAT1/CARD16/IFIT5/LGALS9/CASP1/GBP7/CFLAR/TLR7/MYD88/TANK/TRIM25/TRIM38",16
"GO:0098586","GO:0098586","cellular response to virus","9/181","89/18860",0.101123595505618,10.5369669129058,8.87735078164766,1.8597539964494e-07,9.13425328256109e-06,7.80419035352147e-06,"IFI6/CXCL10/OAS1/IFI44/IFIH1/LGALS9/ADAR/HIF1A/TLR7",9
"GO:0050688","GO:0050688","regulation of defense response to virus","8/181","66/18860",0.121212121212121,12.6301690942575,9.31687335764477,2.20201960171226e-07,1.06112416278738e-05,9.06611049523241e-06,"HERC5/TRIM22/STAT1/PARP9/PML/DTX3L/AIM2/TRIM38",8
"GO:0071347","GO:0071347","cellular response to interleukin-1","9/181","95/18860",0.0947368421052632,9.87147426577493,8.53306633898298,3.27245694200249e-07,1.54775093145822e-05,1.3223787993706e-05,"GBP1/GBP2/CCL2/CASP1/GSDMD/ZBP1/HIF1A/MYD88/TANK",9
"GO:0042832","GO:0042832","defense response to protozoan","6/181","30/18860",0.2,20.8397790055249,10.7051832094377,3.52605539838489e-07,1.63737190681364e-05,1.39894982600036e-05,"GBP1/GBP4/GBP2/IRF8/GBP7/MYD88",6
"GO:0031348","GO:0031348","negative regulation of defense response","15/181","313/18860",0.0479233226837061,4.99355726969446,7.01321343745006,3.705107393026e-07,1.68979362174793e-05,1.44373827551558e-05,"ISG15/OAS1/IFI16/PARP14/NMI/OAS3/LGALS9/ADAR/DHX58/TREX1/STAT2/TRAFD1/SAMHD1/TRIM21/TRIM38",15
"GO:0043123","GO:0043123","positive regulation of canonical NF-kappaB signal transduction","13/181","232/18860",0.0560344827586207,5.83873118689274,7.29985410241343,3.94040632097975e-07,1.76557855154075e-05,1.50848795999834e-05,"TNFSF10/BST2/TRIM22/RBCK1/CARD16/IFIT5/LGALS9/CASP1/CFLAR/TLR7/MYD88/TRIM25/TRIM38",13
"GO:0060760","GO:0060760","positive regulation of response to cytokine stimulus","8/181","72/18860",0.111111111111111,11.5776550030694,8.85191382262576,4.36950840475656e-07,1.92409042512901e-05,1.64391849783309e-05,"IRF7/PARP14/IFIH1/PARP9/CASP4/CASP1/ZBP1/HIF1A",8
"GO:0002230","GO:0002230","positive regulation of defense response to virus by host","6/181","32/18860",0.1875,19.5372928176796,10.3309678767721,5.29627602319227e-07,2.29265914631069e-05,1.95881894666861e-05,"TRIM22/STAT1/PARP9/PML/DTX3L/AIM2",6
"GO:0001562","GO:0001562","response to protozoan","6/181","33/18860",0.181818181818182,18.9452536413862,10.1563536859546,6.42189258092523e-07,2.73358560861384e-05,2.3355409333786e-05,"GBP1/GBP4/GBP2/IRF8/GBP7/MYD88",6
"GO:0039531","GO:0039531","regulation of cytoplasmic pattern recognition receptor signaling pathway","10/181","139/18860",0.0719424460431655,7.49632338328232,7.56714961611074,9.45716941023867e-07,3.95960830717206e-05,3.38303920404224e-05,"RSAD2/EIF2AK2/OASL/IFI16/GBP2/GBP5/DHX58/TREX1/DDX60/MYD88",10
"GO:0032611","GO:0032611","interleukin-1 beta production","9/181","116/18860",0.0775862068965517,8.08439702800533,7.533946912509,1.78688958153483e-06,7.24399363688882e-05,6.18917644531613e-05,"IFI16/GBP5/CARD16/LGALS9/PML/CASP1/GSDMD/MYD88/AIM2",9
"GO:0032651","GO:0032651","regulation of interleukin-1 beta production","9/181","116/18860",0.0775862068965517,8.08439702800533,7.533946912509,1.78688958153483e-06,7.24399363688882e-05,6.18917644531613e-05,"IFI16/GBP5/CARD16/LGALS9/PML/CASP1/GSDMD/MYD88/AIM2",9
"GO:0062208","GO:0062208","positive regulation of pattern recognition receptor signaling pathway","8/181","88/18860",0.0909090909090909,9.47262682069312,7.84198393267886,2.05951081402795e-06,8.21873534223029e-05,7.0219834169078e-05,"IFI35/RSAD2/OASL/GBP2/GBP5/DHX58/DDX60/MYD88",8
"GO:0044403","GO:0044403","biological process involved in symbiotic interaction","12/181","231/18860",0.051948051948052,5.41292961182464,6.64293534542758,2.46667504197741e-06,9.69213547263124e-05,8.28083783322942e-05,"IFIT1/PLSCR1/BST2/DYNLT1/GBP2/GBP5/LGALS9/MYD88/CHMP5/TRIM25/TRIM21/TRIM38",12
"GO:0048524","GO:0048524","positive regulation of viral process","7/181","64/18860",0.109375,11.3967541436464,8.20118954931761,2.61484518210012e-06,0.000101186584773995,8.64525368818747e-05,"IFIT1/LGALS9/ADAR/GBP7/TRIM21/STOM/TRIM38",7
"GO:0046597","GO:0046597","host-mediated suppression of symbiont invasion","5/181","24/18860",0.208333333333333,21.7081031307551,9.99248271761604,2.82369008034053e-06,0.000107637380077458,9.19640147139972e-05,"LY6E/IFITM2/IFITM3/IFITM1/TRIM25",5
"GO:0001961","GO:0001961","positive regulation of cytokine-mediated signaling pathway","7/181","65/18860",0.107692307692308,11.2214194645134,8.12584494664283,2.9068837763651e-06,0.000109179134777007,9.32812704087439e-05,"IRF7/PARP14/PARP9/CASP4/CASP1/ZBP1/HIF1A",7
"GO:0032731","GO:0032731","positive regulation of interleukin-1 beta production","7/181","66/18860",0.106060606060606,11.0513979574753,8.05212728018943,3.22564263591353e-06,0.0001193955259728,0.000102010025694108,"IFI16/GBP5/LGALS9/CASP1/GSDMD/MYD88/AIM2",7
"GO:0050691","GO:0050691","regulation of defense response to virus by host","6/181","44/18860",0.136363636363636,14.2089402310397,8.63480367588608,3.75001917759433e-06,0.000136822128279656,0.000116899094062452,"TRIM22/STAT1/PARP9/PML/DTX3L/AIM2",6
"GO:0019835","GO:0019835","cytolysis","4/181","12/18860",0.333333333333333,34.7329650092081,11.5062633289032,3.82504449875074e-06,0.000137593854222667,0.000117558446937143,"GBP1/GBP2/GBP5/GBP7",4
"GO:0034612","GO:0034612","response to tumor necrosis factor","12/181","244/18860",0.0491803278688525,5.1245358210307,6.38334936653983,4.33950070268297e-06,0.00015393173325906,0.000131517323927804,"GBP1/GBP2/STAT1/TNFSF13B/CARD16/NUB1/CCL2/CASP4/CASP1/FAS/TANK/AIM2",12
"GO:0141084","GO:0141084","inflammasome-mediated signaling pathway","7/181","72/18860",0.0972222222222222,10.1304481276857,7.64081830658837,5.81324077186507e-06,0.000203383793580046,0.00017376853814097,"EIF2AK2/IFI16/GBP2/GBP5/CASP4/GSDMD/MYD88",7
"GO:0007259","GO:0007259","cell surface receptor signaling pathway via JAK-STAT","9/181","135/18860",0.0666666666666667,6.94659300184162,6.82568108769089,6.26839566928598e-06,0.000216344358639951,0.00018484188083115,"SOCS1/PARP14/NMI/STAT1/PARP9/CCL2/STAT2/GBP7/IL15RA",9
"GO:0032722","GO:0032722","positive regulation of chemokine production","7/181","73/18860",0.0958904109589041,9.9916748656626,7.57696207812122,6.37817247027359e-06,0.000217198033187717,0.000185571249556171,"OAS1/EIF2AK2/OAS3/LGALS9/HIF1A/TLR7/MYD88",7
"GO:0032612","GO:0032612","interleukin-1 production","9/181","136/18860",0.0661764705882353,6.8955151121222,6.79225061123088,6.65779243162297e-06,0.000220831193121624,0.000188675375403341,"IFI16/GBP5/CARD16/LGALS9/PML/CASP1/GSDMD/MYD88/AIM2",9
"GO:0032652","GO:0032652","regulation of interleukin-1 production","9/181","136/18860",0.0661764705882353,6.8955151121222,6.79225061123088,6.65779243162297e-06,0.000220831193121624,0.000188675375403341,"IFI16/GBP5/CARD16/LGALS9/PML/CASP1/GSDMD/MYD88/AIM2",9
"GO:0032496","GO:0032496","response to lipopolysaccharide","14/181","350/18860",0.04,4.16795580110497,5.88886682759154,7.52953096890261e-06,0.000245324567377154,0.000209602204250439,"CXCL10/CMPK2/GBP2/GBP5/IRF8/CARD16/LGALS9/CCL2/CASP1/SOD2/STAP1/IDO1/MYD88/CHMP5",14
"GO:0060333","GO:0060333","type II interferon-mediated signaling pathway","5/181","29/18860",0.172413793103448,17.9653267289007,9.00007942105169,7.58834801205761e-06,0.000245324567377154,0.000209602204250439,"PARP14/STAT1/PARP9/SP100/IRF1",5
"GO:0032732","GO:0032732","positive regulation of interleukin-1 production","7/181","77/18860",0.0909090909090909,9.47262682069312,7.33335599509524,9.11511652027687e-06,0.000291000094909839,0.00024862679666492,"IFI16/GBP5/LGALS9/CASP1/GSDMD/MYD88/AIM2",7
"GO:0050727","GO:0050727","regulation of inflammatory response","16/181","460/18860",0.0347826086956522,3.62430939226519,5.60927646598221,9.72310758646069e-06,0.000306577984886674,0.00026193634862551,"GBP1/IFI35/IFI16/NMI/GBP2/GBP5/TREX1/CASP4/CASP1/GSDMD/ZBP1/STAP1/TLR7/IDO1/MYD88/AIM2",16
"GO:0051851","GO:0051851","host-mediated perturbation of symbiont process","8/181","110/18860",0.0727272727272727,7.5781014565545,6.81111292399506,1.09741039604148e-05,0.000341803189206091,0.00029203231720077,"LY6E/IFITM2/IFITM3/IFITM1/CCL8/IFI27/TRIM25/STOM",8
"GO:0051092","GO:0051092","positive regulation of NF-kappaB transcription factor activity","7/181","80/18860",0.0875,9.11740331491713,7.16202991513452,1.17533981083047e-05,0.000361664804441086,0.000309001829784599,"EIF2AK2/RBCK1/CARD16/LGALS9/PRKD2/MYD88/AIM2",7
"GO:0071356","GO:0071356","cellular response to tumor necrosis factor","11/181","226/18860",0.0486725663716814,5.07162763408791,6.06165247496769,1.21042013235602e-05,0.000368025359290151,0.00031443620731504,"GBP1/GBP2/STAT1/TNFSF13B/CARD16/CCL2/CASP4/CASP1/FAS/TANK/AIM2",11
"GO:0051701","GO:0051701","biological process involved in interaction with host","10/181","185/18860",0.0540540540540541,5.63237270419591,6.23276653466971,1.22752523454859e-05,0.000368835229298481,0.000315128149996188,"IFIT1/PLSCR1/DYNLT1/GBP2/GBP5/LGALS9/CHMP5/TRIM25/TRIM21/TRIM38",10
"GO:0032607","GO:0032607","interferon-alpha production","5/181","32/18860",0.15625,16.2810773480663,8.51625535389825,1.25711665506125e-05,0.000369043211152463,0.00031530584705892,"IRF7/NMI/STAT1/IFIH1/TLR7",5
"GO:0032647","GO:0032647","regulation of interferon-alpha production","5/181","32/18860",0.15625,16.2810773480663,8.51625535389825,1.25711665506125e-05,0.000369043211152463,0.00031530584705892,"IRF7/NMI/STAT1/IFIH1/TLR7",5
"GO:0071360","GO:0071360","cellular response to exogenous dsRNA","4/181","16/18860",0.25,26.0497237569061,9.86729678849,1.36471575275506e-05,0.000388657853212339,0.000332064348888917,"IFIT1/OAS1/IFIH1/OAS3",4
"GO:0141201","GO:0141201","pyroptotic cell death","4/181","16/18860",0.25,26.0497237569061,9.86729678849,1.36471575275506e-05,0.000388657853212339,0.000332064348888917,"CASP4/CASP1/GSDMD/AIM2",4
"GO:0071222","GO:0071222","cellular response to lipopolysaccharide","11/181","229/18860",0.0480349344978166,5.0051870973968,6.00266730309037,1.36958523058381e-05,0.000388657853212339,0.000332064348888917,"CXCL10/CMPK2/GBP2/GBP5/IRF8/CARD16/CCL2/CASP1/STAP1/MYD88/CHMP5",11
"GO:0002237","GO:0002237","response to molecule of bacterial origin","14/181","375/18860",0.0373333333333333,3.89009208103131,5.56466972397415,1.63557124081277e-05,0.000459038346047892,0.000392196550862333,"CXCL10/CMPK2/GBP2/GBP5/IRF8/CARD16/LGALS9/CCL2/CASP1/SOD2/STAP1/IDO1/MYD88/CHMP5",14
"GO:0035821","GO:0035821","modulation of process of another organism","8/181","124/18860",0.0645161290322581,6.72250935662092,6.29333313852623,2.63143539395555e-05,0.000730509347408964,0.000624137937261996,"LY6E/IFITM2/IFITM3/IFITM1/CCL8/IFI27/TRIM25/STOM",8
"GO:0071219","GO:0071219","cellular response to molecule of bacterial origin","11/181","247/18860",0.0445344129554656,4.64043662066343,5.66911894434491,2.76234770733914e-05,0.000758606026295072,0.000648143383963106,"CXCL10/CMPK2/GBP2/GBP5/IRF8/CARD16/CCL2/CASP1/STAP1/MYD88/CHMP5",11
"GO:0097696","GO:0097696","cell surface receptor signaling pathway via STAT","9/181","165/18860",0.0545454545454545,5.68357609241587,5.94810497363353,3.13796543556156e-05,0.00085259188536428,0.000728443711973026,"SOCS1/PARP14/NMI/STAT1/PARP9/CCL2/STAT2/GBP7/IL15RA",9
"GO:0000209","GO:0000209","protein polyubiquitination","12/181","300/18860",0.04,4.16795580110497,5.44468252908864,3.42886729071051e-05,0.000921823901102595,0.000787594669655723,"UBE2L6/TRIM22/RBCK1/NMI/RNF213/DTX3L/MYCBP2/IFI27/TRIM25/TRIM21/PARP10/TRIM38",12
"GO:0033209","GO:0033209","tumor necrosis factor-mediated signaling pathway","8/181","131/18860",0.0610687022900763,6.3632912993969,6.06361397642279,3.90605632263109e-05,0.00103917373416665,0.000887856881229632,"STAT1/TNFSF13B/CARD16/CASP4/CASP1/FAS/TANK/AIM2",8
"GO:1901224","GO:1901224","positive regulation of non-canonical NF-kappaB signal transduction","6/181","66/18860",0.0909090909090909,9.47262682069312,6.78738120273408,4.05331795574613e-05,0.00106723443906965,0.000911831592215055,"IFI35/EIF2AK2/RBCK1/NMI/LGALS9/TRIM21",6
"GO:0046596","GO:0046596","regulation of viral entry into host cell","4/181","21/18860",0.19047619047619,19.8474085766903,8.50656404869168,4.32244932430887e-05,0.0011264832218658,0.000962453002072211,"LGALS9/TRIM25/TRIM21/TRIM38",4
"GO:0031640","GO:0031640","killing of cells of another organism","8/181","135/18860",0.0592592592592593,6.17474933497033,5.93973535069732,4.84155307835064e-05,0.00123653265621075,0.00105647784541272,"CXCL10/GBP1/GBP2/GBP5/CXCL11/CCL8/GBP7/MYD88",8
"GO:0141061","GO:0141061","disruption of cell in another organism","8/181","135/18860",0.0592592592592593,6.17474933497033,5.93973535069732,4.84155307835064e-05,0.00123653265621075,0.00105647784541272,"CXCL10/GBP1/GBP2/GBP5/CXCL11/CCL8/GBP7/MYD88",8
"GO:0043903","GO:0043903","regulation of biological process involved in symbiotic interaction","5/181","42/18860",0.119047619047619,12.4046303604315,7.28351356672242,4.91373613537383e-05,0.00124254278116285,0.00106161282007608,"BST2/LGALS9/TRIM25/TRIM21/TRIM38",5
"GO:0046718","GO:0046718","symbiont entry into host cell","8/181","136/18860",0.0588235294117647,6.12934676633084,5.90954446663857,5.10253894304993e-05,0.00127763573142642,0.00109159579246053,"PLSCR1/DYNLT1/GBP2/GBP5/LGALS9/TRIM25/TRIM21/TRIM38",8
"GO:0071359","GO:0071359","cellular response to dsRNA","4/181","22/18860",0.181818181818182,18.9452536413862,8.29020656472064,5.2435067460069e-05,0.00130018604167977,0.00111086249202578,"IFIT1/OAS1/IFIH1/OAS3",4
"GO:0032735","GO:0032735","positive regulation of interleukin-12 production","5/181","43/18860",0.116279069767442,12.1161505846075,7.18348622463128,5.51732636554956e-05,0.00135492803246284,0.00115763335584861,"IRF8/LGALS9/IRF1/UNC93B1/IDO1",5
"GO:0141060","GO:0141060","disruption of anatomical structure in another organism","8/181","139/18860",0.0575539568345324,5.99705870662586,5.82075254609956,5.95684305124678e-05,0.00144893115741755,0.00123794843561249,"CXCL10/GBP1/GBP2/GBP5/CXCL11/CCL8/GBP7/MYD88",8
"GO:0032602","GO:0032602","chemokine production","7/181","104/18860",0.0673076923076923,7.01338716532087,6.05323494507503,6.47959843025257e-05,0.00154662564400608,0.00132141736801904,"OAS1/EIF2AK2/OAS3/LGALS9/HIF1A/TLR7/MYD88",7
"GO:0032642","GO:0032642","regulation of chemokine production","7/181","104/18860",0.0673076923076923,7.01338716532087,6.05323494507503,6.47959843025257e-05,0.00154662564400608,0.00132141736801904,"OAS1/EIF2AK2/OAS3/LGALS9/HIF1A/TLR7/MYD88",7
"GO:0044409","GO:0044409","symbiont entry into host","8/181","141/18860",0.0567375886524823,5.91199404412053,5.76299008460141,6.5900029993586e-05,0.00155841367225573,0.00133148891010433,"PLSCR1/DYNLT1/GBP2/GBP5/LGALS9/TRIM25/TRIM21/TRIM38",8
"GO:0071216","GO:0071216","cellular response to biotic stimulus","11/181","274/18860",0.0401459854014599,4.18316731862725,5.22472683286539,7.07620580159362e-05,0.00165803941442845,0.0014166078828299,"CXCL10/CMPK2/GBP2/GBP5/IRF8/CARD16/CCL2/CASP1/STAP1/MYD88/CHMP5",11
"GO:0051090","GO:0051090","regulation of DNA-binding transcription factor activity","9/181","189/18860",0.0476190476190476,4.96185214417259,5.38849126201235,9.00760289792959e-05,0.00209140161830111,0.00178686706290986,"EIF2AK2/RBCK1/CARD16/LGALS9/PRKD2/MYD88/TRIM21/PARP10/AIM2",9
"GO:0051259","GO:0051259","protein complex oligomerization","11/181","282/18860",0.0390070921985816,4.06449590533286,5.10394430822968,9.14404784646504e-05,0.00210395479278124,0.00179759233624676,"ISG15/OAS1/IFIH1/GBP5/EHD4/PNPT1/GSDMD/SOD2/SAMHD1/EVL/BCL11A",11
"GO:0140894","GO:0140894","endolysosomal toll-like receptor signaling pathway","5/181","48/18860",0.104166666666667,10.8540515653775,6.72883332521523,9.44135738524211e-05,0.00215296667517039,0.00183946746800817,"OAS1/RSAD2/UNC93B1/TLR7/MYD88",5
"GO:0070936","GO:0070936","protein K48-linked ubiquitination","7/181","111/18860",0.0630630630630631,6.57110148822856,5.79475810414581,9.79309098079172e-05,0.00221341189070284,0.00189111109484688,"NMI/DTX3L/MYCBP2/IFI27/TRIM25/TRIM21/TRIM38",7
"GO:0032727","GO:0032727","positive regulation of interferon-alpha production","4/181","26/18860",0.153846153846154,16.0305992350191,7.54941835724694,0.000103997985828239,0.00232991978776598,0.00199065396696158,"IRF7/STAT1/IFIH1/TLR7",4
"GO:0051091","GO:0051091","positive regulation of DNA-binding transcription factor activity","7/181","113/18860",0.0619469026548673,6.45479880702098,5.72497870433127,0.000109584052483704,0.00243371886994244,0.00207933858854663,"EIF2AK2/RBCK1/CARD16/LGALS9/PRKD2/MYD88/AIM2",7
"GO:0034154","GO:0034154","toll-like receptor 7 signaling pathway","3/181","11/18860",0.272727272727273,28.4178804620794,8.9538099222508,0.000135545541526841,0.00293375689033518,0.00250656474206192,"RSAD2/UNC93B1/TLR7",3
"GO:0070213","GO:0070213","protein auto-ADP-ribosylation","3/181","11/18860",0.272727272727273,28.4178804620794,8.9538099222508,0.000135545541526841,0.00293375689033518,0.00250656474206192,"PARP11/PARP12/PARP10",3
"GO:1900246","GO:1900246","positive regulation of RIG-I signaling pathway","3/181","11/18860",0.272727272727273,28.4178804620794,8.9538099222508,0.000135545541526841,0.00293375689033518,0.00250656474206192,"OASL/DHX58/DDX60",3
"GO:0039529","GO:0039529","RIG-I signaling pathway","4/181","28/18860",0.142857142857143,14.8855564325178,7.23795514497456,0.000140314109257293,0.00298635195869272,0.0025515013025471,"OASL/OAS3/DHX58/DDX60",4
"GO:0052372","GO:0052372","modulation by symbiont of entry into host","4/181","28/18860",0.142857142857143,14.8855564325178,7.23795514497456,0.000140314109257293,0.00298635195869272,0.0025515013025471,"LGALS9/TRIM25/TRIM21/TRIM38",4
"GO:0002260","GO:0002260","lymphocyte homeostasis","6/181","83/18860",0.072289156626506,7.53245024296079,5.87115924638886,0.00014718141225604,0.00310662253637955,0.00265425896134642,"TNFSF13B/LGALS9/PMAIP1/HIF1A/FAS/AIM2",6
"GO:0002429","GO:0002429","immune response-activating cell surface receptor signaling pathway","12/181","353/18860",0.0339943342776204,3.54217206892774,4.7462005971225,0.000161093470437397,0.00337239937292715,0.00288133532542471,"PLSCR1/GBP1/OAS1/IFI35/RBCK1/NMI/MNDA/CD38/ELF1/STAP1/PRKD2/MYD88",12
"GO:0141085","GO:0141085","regulation of inflammasome-mediated signaling pathway","5/181","54/18860",0.0925925925925926,9.64804583589114,6.26452942420564,0.00016646054729527,0.0034564246974969,0.00295312549887115,"EIF2AK2/IFI16/GBP2/GBP5/MYD88",5
"GO:0070227","GO:0070227","lymphocyte apoptotic process","6/181","85/18860",0.0705882352941176,7.35521611959701,5.78058272517002,0.000167866011505149,0.00345749833374315,0.00295404280008637,"LGALS9/HSH2D/HIF1A/FAS/PRKD2/IDO1",6
"GO:0032741","GO:0032741","positive regulation of interleukin-18 production","3/181","12/18860",0.25,26.0497237569061,8.54442287491078,0.000179452373869538,0.00365393798993609,0.00312187835516528,"GBP5/CASP1/GSDMD",3
"GO:0043331","GO:0043331","response to dsRNA","5/181","55/18860",0.0909090909090909,9.47262682069312,6.19419054163488,0.000181695428630338,0.00365393798993609,0.00312187835516528,"IFIT1/OAS1/IFIH1/OAS3/PMAIP1",5
"GO:0044546","GO:0044546","NLRP3 inflammasome complex assembly","5/181","55/18860",0.0909090909090909,9.47262682069312,6.19419054163488,0.000181695428630338,0.00365393798993609,0.00312187835516528,"EIF2AK2/GBP5/CASP4/GSDMD/MYD88",5
"GO:0002224","GO:0002224","toll-like receptor signaling pathway","6/181","88/18860",0.0681818181818182,7.10447011551984,5.65009619525632,0.000203131837147415,0.00405311493808201,0.00346293008558051,"IRF7/IRF1/UNC93B1/TLR7/AP3B1/MYD88",6
"GO:0071887","GO:0071887","leukocyte apoptotic process","7/181","125/18860",0.056,5.83513812154696,5.33898682521672,0.000205494762244134,0.00406847769590324,0.0034760558313512,"IRF7/LGALS9/HSH2D/HIF1A/FAS/PRKD2/IDO1",7
"GO:0045070","GO:0045070","positive regulation of viral genome replication","4/181","31/18860",0.129032258064516,13.4450187132418,6.82628757051044,0.000210839867524806,0.00414219247429503,0.00353903680468763,"IFIT1/ADAR/GBP7/TRIM38",4
"GO:0070231","GO:0070231","T cell apoptotic process","5/181","61/18860",0.0819672131147541,8.54089303505117,5.80687036433916,0.000296639080542345,0.00578332986034465,0.00494120380847152,"LGALS9/HIF1A/FAS/PRKD2/IDO1",5
"GO:0019080","GO:0019080","viral gene expression","6/181","95/18860",0.0631578947368421,6.58098284384996,5.36809276751451,0.000308248194891796,0.00596413552843673,0.00509568188206295,"IFIT1/IFITM3/PARP9/SP100/TRIM21/PARP10",6
"GO:2000106","GO:2000106","regulation of leukocyte apoptotic process","6/181","97/18860",0.0618556701030928,6.44529247593552,5.29270570135828,0.000344988883691434,0.00657754875503296,0.00561977437628625,"IRF7/LGALS9/HSH2D/HIF1A/PRKD2/IDO1",6
"GO:0070228","GO:0070228","regulation of lymphocyte apoptotic process","5/181","63/18860",0.0793650793650794,8.26975357362098,5.68941351749605,0.000345102401399537,0.00657754875503296,0.00561977437628625,"LGALS9/HSH2D/HIF1A/PRKD2/IDO1",5
"GO:0002768","GO:0002768","immune response-regulating cell surface receptor signaling pathway","12/181","385/18860",0.0311688311688312,3.24775776709478,4.38641234252158,0.000355836020159777,0.00667617789044478,0.0057040418608136,"PLSCR1/GBP1/OAS1/IFI35/RBCK1/NMI/MNDA/CD38/ELF1/STAP1/PRKD2/MYD88",12
"GO:0046598","GO:0046598","positive regulation of viral entry into host cell","3/181","15/18860",0.2,20.8397790055249,7.56669442239303,0.000363347191375029,0.00667617789044478,0.0057040418608136,"LGALS9/TRIM21/TRIM38",3
"GO:0070212","GO:0070212","protein poly-ADP-ribosylation","3/181","15/18860",0.2,20.8397790055249,7.56669442239303,0.000363347191375029,0.00667617789044478,0.0057040418608136,"PARP14/CASP1/PARP10",3
"GO:0071639","GO:0071639","positive regulation of monocyte chemotactic protein-1 production","3/181","15/18860",0.2,20.8397790055249,7.56669442239303,0.000363347191375029,0.00667617789044478,0.0057040418608136,"OAS1/OAS3/LGALS9",3
"GO:0075294","GO:0075294","positive regulation by symbiont of entry into host","3/181","15/18860",0.2,20.8397790055249,7.56669442239303,0.000363347191375029,0.00667617789044478,0.0057040418608136,"LGALS9/TRIM21/TRIM38",3
"GO:0032615","GO:0032615","interleukin-12 production","5/181","64/18860",0.078125,8.14053867403315,5.63261478927692,0.000371468582958978,0.0067285869565761,0.00574881950335171,"IRF8/LGALS9/IRF1/UNC93B1/IDO1",5
"GO:0032655","GO:0032655","regulation of interleukin-12 production","5/181","64/18860",0.078125,8.14053867403315,5.63261478927692,0.000371468582958978,0.0067285869565761,0.00574881950335171,"IRF8/LGALS9/IRF1/UNC93B1/IDO1",5
"GO:0001906","GO:0001906","cell killing","10/181","281/18860",0.0355871886120996,3.70814573052044,4.50231451668226,0.000396997825501288,0.00714036934035415,0.00610064115837042,"CXCL10/GBP1/GBP2/GBP5/CXCL11/LGALS9/CCL8/GBP7/STAP1/MYD88",10
"GO:0140632","GO:0140632","canonical inflammasome complex assembly","5/181","66/18860",0.0757575757575758,7.89385568391093,5.52263512527874,0.000428738673191384,0.00765733266664892,0.00654232807895281,"EIF2AK2/GBP5/CASP4/GSDMD/MYD88",5
"GO:0032897","GO:0032897","negative regulation of viral transcription","3/181","16/18860",0.1875,19.5372928176796,7.30199548954148,0.000444047199185986,0.00776778456658225,0.00663669678379632,"IFITM3/SP100/TRIM21",3
"GO:0035655","GO:0035655","interleukin-18-mediated signaling pathway","3/181","16/18860",0.1875,19.5372928176796,7.30199548954148,0.000444047199185986,0.00776778456658225,0.00663669678379632,"CASP4/CASP1/GSDMD",3
"GO:0071351","GO:0071351","cellular response to interleukin-18","3/181","16/18860",0.1875,19.5372928176796,7.30199548954148,0.000444047199185986,0.00776778456658225,0.00663669678379632,"CASP4/CASP1/GSDMD",3
"GO:0097191","GO:0097191","extrinsic apoptotic signaling pathway","9/181","239/18860",0.0376569037656904,3.92380776254652,4.47783484814027,0.000515914443881939,0.00896357475969028,0.00765836478458474,"IFI6/TNFSF10/RBCK1/PMAIP1/SP100/PML/CFLAR/FAS/IFI27",9
"GO:0038061","GO:0038061","non-canonical NF-kappaB signal transduction","7/181","146/18860",0.047945205479452,4.9958374328313,4.77114629157904,0.000528094129442857,0.00905578360265174,0.00773714685253145,"IFI35/EIF2AK2/RBCK1/NMI/LGALS9/MYD88/TRIM21",7
"GO:0032621","GO:0032621","interleukin-18 production","3/181","17/18860",0.176470588235294,18.3880402989925,7.06027929225793,0.00053540459044652,0.00905578360265174,0.00773714685253145,"GBP5/CASP1/GSDMD",3
"GO:0032661","GO:0032661","regulation of interleukin-18 production","3/181","17/18860",0.176470588235294,18.3880402989925,7.06027929225793,0.00053540459044652,0.00905578360265174,0.00773714685253145,"GBP5/CASP1/GSDMD",3
"GO:0044790","GO:0044790","suppression of viral release by host","3/181","17/18860",0.176470588235294,18.3880402989925,7.06027929225793,0.00053540459044652,0.00905578360265174,0.00773714685253145,"PML/TRIM25/TRIM21",3
"GO:0001818","GO:0001818","negative regulation of cytokine production","12/181","405/18860",0.0296296296296296,3.08737466748516,4.18015804463433,0.000558652800565949,0.00938683718845681,0.00801999484468984,"GBP1/OAS1/BST2/XAF1/NMI/OAS3/CARD16/LGALS9/DHX58/PML/GBP7/IDO1",12
"GO:0070498","GO:0070498","interleukin-1-mediated signaling pathway","4/181","40/18860",0.1,10.4198895027624,5.87067179189664,0.000572555249930847,0.00955755626355152,0.00816585506093323,"CASP1/GSDMD/ZBP1/MYD88",4
"GO:0070673","GO:0070673","response to interleukin-18","3/181","18/18860",0.166666666666667,17.366482504604,6.83832771928088,0.000637964894127546,0.0105802749324789,0.00903965294276421,"CASP4/CASP1/GSDMD",3
"GO:1901222","GO:1901222","regulation of non-canonical NF-kappaB signal transduction","6/181","109/18860",0.055045871559633,5.73571899234629,4.88099949871721,0.000643160119443475,0.0105976190003783,0.00905447149477979,"IFI35/EIF2AK2/RBCK1/NMI/LGALS9/TRIM21",6
"GO:0070232","GO:0070232","regulation of T cell apoptotic process","4/181","43/18860",0.0930232558139535,9.69292046768598,5.61754484667613,0.0007560505571081,0.0123779046336801,0.0105755249992246,"LGALS9/HIF1A/PRKD2/IDO1",4
"GO:0032760","GO:0032760","positive regulation of tumor necrosis factor production","6/181","113/18860",0.0530973451327434,5.53268469173226,4.75719164934469,0.000777573385426595,0.0126092155618185,0.0107731541275398,"OAS1/OAS2/IFIH1/OAS3/LGALS9/MYD88",6
"GO:0030099","GO:0030099","myeloid cell differentiation","13/181","481/18860",0.027027027027027,2.81618635209795,3.97185891768148,0.000780053272814144,0.0126092155618185,0.0107731541275398,"ISG15/IRF7/IFI16/SOCS1/STAT1/IRF8/ADAR/PML/CFLAR/HIF1A/AP3B1/MYD88/CHMP5",13
"GO:0071260","GO:0071260","cellular response to mechanical stimulus","5/181","76/18860",0.0657894736842105,6.8551904623437,5.03472309445222,0.000820538097921274,0.013180215736421,0.011261009447142,"IRF1/CASP1/TLR7/FAS/MYD88",5
"GO:0002281","GO:0002281","macrophage activation involved in immune response","3/181","20/18860",0.15,15.6298342541436,6.44370665322772,0.000878784722811438,0.0139404731804995,0.0119105637815502,"IFI35/NMI/TREX1",3
"GO:0046782","GO:0046782","regulation of viral transcription","3/181","20/18860",0.15,15.6298342541436,6.44370665322772,0.000878784722811438,0.0139404731804995,0.0119105637815502,"IFITM3/SP100/TRIM21",3
"GO:0008637","GO:0008637","apoptotic mitochondrial changes","6/181","116/18860",0.0517241379310345,5.38959801867022,4.6681458293745,0.000891880291600762,0.0139468690997657,0.011916028373991,"IFI6/TNFSF10/IFIT2/PPM1K/PMAIP1/SOD2",6
"GO:0009394","GO:0009394","2'-deoxyribonucleotide metabolic process","4/181","45/18860",0.0888888888888889,9.2621240024555,5.46220079369823,0.000899286708143061,0.0139468690997657,0.011916028373991,"CMPK2/TYMP/DCK/SAMHD1",4
"GO:0032088","GO:0032088","negative regulation of NF-kappaB transcription factor activity","4/181","45/18860",0.0888888888888889,9.2621240024555,5.46220079369823,0.000899286708143061,0.0139468690997657,0.011916028373991,"RBCK1/TRIM21/PARP10/AIM2",4
"GO:0048872","GO:0048872","homeostasis of number of cells","11/181","369/18860",0.029810298102981,3.10620012277471,4.02211444816985,0.000901031089060822,0.0139468690997657,0.011916028373991,"ISG15/STAT1/TNFSF13B/LGALS9/PMAIP1/ADAR/HIF1A/FAS/AP3B1/CHMP5/AIM2",11
"GO:0071496","GO:0071496","cellular response to external stimulus","5/181","78/18860",0.0641025641025641,6.67941634792463,4.9476833492556,0.000923293774420241,0.0142053753004174,0.0121368927988152,"IRF1/CASP1/TLR7/FAS/MYD88",5
"GO:1903557","GO:1903557","positive regulation of tumor necrosis factor superfamily cytokine production","6/181","117/18860",0.0512820512820513,5.34353307833971,4.63914896552349,0.000932723684652013,0.014264528686235,0.0121874327027017,"OAS1/OAS2/IFIH1/OAS3/LGALS9/MYD88",6
"GO:0001776","GO:0001776","leukocyte homeostasis","6/181","118/18860",0.0508474576271186,5.29824889970971,4.61048277905613,0.00097499207165676,0.0146873395892197,0.0125486769848957,"TNFSF13B/LGALS9/PMAIP1/HIF1A/FAS/AIM2",6
"GO:0051260","GO:0051260","protein homooligomerization","8/181","210/18860",0.0380952380952381,3.96948171533807,4.25963798702441,0.00097615451029495,0.0146873395892197,0.0125486769848957,"GBP5/EHD4/PNPT1/GSDMD/SOD2/SAMHD1/EVL/BCL11A",8
"GO:0009262","GO:0009262","deoxyribonucleotide metabolic process","4/181","46/18860",0.0869565217391304,9.06077348066298,5.38811516432598,0.000977622447207261,0.0146873395892197,0.0125486769848957,"CMPK2/TYMP/DCK/SAMHD1",4
"GO:0002755","GO:0002755","MyD88-dependent toll-like receptor signaling pathway","3/181","21/18860",0.142857142857143,14.8855564325178,6.26708837261684,0.00101804476107283,0.0146897532190961,0.0125507391597025,"IRF7/IRF1/MYD88",3
"GO:0039535","GO:0039535","regulation of RIG-I signaling pathway","3/181","21/18860",0.142857142857143,14.8855564325178,6.26708837261684,0.00101804476107283,0.0146897532190961,0.0125507391597025,"OASL/DHX58/DDX60",3
"GO:0071605","GO:0071605","monocyte chemotactic protein-1 production","3/181","21/18860",0.142857142857143,14.8855564325178,6.26708837261684,0.00101804476107283,0.0146897532190961,0.0125507391597025,"OAS1/OAS3/LGALS9",3
"GO:0071637","GO:0071637","regulation of monocyte chemotactic protein-1 production","3/181","21/18860",0.142857142857143,14.8855564325178,6.26708837261684,0.00101804476107283,0.0146897532190961,0.0125507391597025,"OAS1/OAS3/LGALS9",3
"GO:0072567","GO:0072567","chemokine (C-X-C motif) ligand 2 production","3/181","21/18860",0.142857142857143,14.8855564325178,6.26708837261684,0.00101804476107283,0.0146897532190961,0.0125507391597025,"OAS1/OAS3/MYD88",3
"GO:1901739","GO:1901739","regulation of myoblast fusion","3/181","21/18860",0.142857142857143,14.8855564325178,6.26708837261684,0.00101804476107283,0.0146897532190961,0.0125507391597025,"CXCL10/CCL8/CFLAR",3
"GO:2000341","GO:2000341","regulation of chemokine (C-X-C motif) ligand 2 production","3/181","21/18860",0.142857142857143,14.8855564325178,6.26708837261684,0.00101804476107283,0.0146897532190961,0.0125507391597025,"OAS1/OAS3/MYD88",3
"GO:0044092","GO:0044092","negative regulation of molecular function","10/181","319/18860",0.0313479623824451,3.26642304161832,4.01875516107318,0.001054113729892,0.0151247554277762,0.0129223995391255,"IFI16/RBCK1/CARD16/PARP9/ADAR/DTX3L/SNX6/TRIM21/PARP10/AIM2",10
"GO:0043330","GO:0043330","response to exogenous dsRNA","4/181","47/18860",0.0851063829787234,8.86799106618079,5.31625208416624,0.00106063507977333,0.0151333072276038,0.0129297060886217,"IFIT1/OAS1/IFIH1/OAS3",4
"GO:0070266","GO:0070266","necroptotic process","4/181","48/18860",0.0833333333333333,8.68324125230203,5.24649677761023,0.00114847339849341,0.0162955614430677,0.0139227213747184,"RBCK1/ZBP1/CFLAR/FAS",4
"GO:2001236","GO:2001236","regulation of extrinsic apoptotic signaling pathway","7/181","167/18860",0.0419161676646707,4.36761835445132,4.30292134113866,0.00116541805135371,0.0164446281942396,0.0140500821195478,"IFI6/TNFSF10/RBCK1/PMAIP1/SP100/PML/CFLAR",7
"GO:0046426","GO:0046426","negative regulation of receptor signaling pathway via JAK-STAT","3/181","23/18860",0.130434782608696,13.5911602209945,5.94765277044498,0.00133663590645679,0.018488494751353,0.0157963358280323,"SOCS1/PARP14/GBP7",3
"GO:0019674","GO:0019674","NAD+ metabolic process","4/181","50/18860",0.08,8.33591160220995,5.1128906023862,0.00133922142873935,0.018488494751353,0.0157963358280323,"PARP9/CD38/IDO1/PARP10",4
"GO:0032480","GO:0032480","negative regulation of type I interferon production","4/181","50/18860",0.08,8.33591160220995,5.1128906023862,0.00133922142873935,0.018488494751353,0.0157963358280323,"XAF1/NMI/DHX58/GBP7",4
"GO:0043029","GO:0043029","T cell homeostasis","4/181","50/18860",0.08,8.33591160220995,5.1128906023862,0.00133922142873935,0.018488494751353,0.0157963358280323,"LGALS9/PMAIP1/FAS/AIM2",4
"GO:0008625","GO:0008625","extrinsic apoptotic signaling pathway via death domain receptors","5/181","86/18860",0.0581395348837209,6.05807529230374,4.62783552185405,0.00143222065213698,0.019666083578268,0.0168024528119975,"TNFSF10/PMAIP1/SP100/CFLAR/FAS",5
"GO:0010332","GO:0010332","response to gamma radiation","4/181","53/18860",0.0754716981132075,7.86406754925467,4.92585391496263,0.00166524260623695,0.0226612085716366,0.019361449684294,"CXCL10/TREX1/PML/SOD2",4
"GO:0070098","GO:0070098","chemokine-mediated signaling pathway","5/181","89/18860",0.0561797752808989,5.8538705071699,4.51815671946295,0.00166809209532799,0.0226612085716366,0.019361449684294,"CXCL10/CXCL11/CCL8/CCL2/HIF1A",5
"GO:0019083","GO:0019083","viral transcription","3/181","25/18860",0.12,12.5038674033149,5.66569075275974,0.00171161975971036,0.0230077729805276,0.0196575499273106,"IFITM3/SP100/TRIM21",3
"GO:1903902","GO:1903902","positive regulation of viral life cycle","3/181","25/18860",0.12,12.5038674033149,5.66569075275974,0.00171161975971036,0.0230077729805276,0.0196575499273106,"LGALS9/TRIM21/TRIM38",3
"GO:0070663","GO:0070663","regulation of leukocyte proliferation","9/181","284/18860",0.0316901408450704,3.30207765932612,3.84790946892853,0.00173168516066182,0.0230855592208194,0.0197240095061446,"BST2/MNDA/TNFSF13B/LGALS9/CD38/CCL8/IRF1/IDO1/MYD88",9
"GO:0050830","GO:0050830","defense response to Gram-positive bacterium","6/181","132/18860",0.0454545454545455,4.73631341034656,4.24039555490803,0.00173548448331923,0.0230855592208194,0.0197240095061446,"GBP4/GBP2/CASP4/GSDMD/GBP7/MYD88",6
"GO:0009435","GO:0009435","NAD+ biosynthetic process","3/181","26/18860",0.115384615384615,12.0229494262643,5.53649627991953,0.00192130955630368,0.0254249979626922,0.0217227963469731,"PARP9/IDO1/PARP10",3
"GO:2000107","GO:2000107","negative regulation of leukocyte apoptotic process","4/181","58/18860",0.0689655172413793,7.1861306915603,4.64464868535436,0.00232478567770151,0.0306056836126271,0.0261491085723019,"IRF7/HSH2D/HIF1A/IDO1",4
"GO:0032261","GO:0032261","purine nucleotide salvage","3/181","28/18860",0.107142857142857,11.1641673243883,5.29815189887924,0.00238704807399461,0.0311246162718013,0.0265924780659622,"PARP9/DCK/PARP10",3
"GO:1903320","GO:1903320","regulation of protein modification by small protein conjugation or removal","8/181","242/18860",0.0330578512396694,3.44459157116113,3.76763902498854,0.00238857665985632,0.0311246162718013,0.0265924780659622,"ISG15/NMI/DTX3L/MYCBP2/HIF1A/TANK/TRIM21/PARP10",8
"GO:0001836","GO:0001836","release of cytochrome c from mitochondria","4/181","59/18860",0.0677966101694915,7.06433186627961,4.59240623055846,0.00247542325412558,0.0319304595506906,0.027280980360459,"IFI6/TNFSF10/PMAIP1/SOD2",4
"GO:2001238","GO:2001238","positive regulation of extrinsic apoptotic signaling pathway","4/181","59/18860",0.0677966101694915,7.06433186627961,4.59240623055846,0.00247542325412558,0.0319304595506906,0.027280980360459,"TNFSF10/RBCK1/PMAIP1/PML",4
"GO:1990868","GO:1990868","response to chemokine","5/181","98/18860",0.0510204081632653,5.31627015447063,4.21700288311571,0.00254705826463464,0.0325259340393844,0.0277897462241453,"CXCL10/CXCL11/CCL8/CCL2/HIF1A",5
"GO:1990869","GO:1990869","cellular response to chemokine","5/181","98/18860",0.0510204081632653,5.31627015447063,4.21700288311571,0.00254705826463464,0.0325259340393844,0.0277897462241453,"CXCL10/CXCL11/CCL8/CCL2/HIF1A",5
"GO:0019359","GO:0019359","nicotinamide nucleotide biosynthetic process","3/181","29/18860",0.103448275862069,10.7791960373404,5.18784827528051,0.00264383628664132,0.0334275142380293,0.0285600449307319,"PARP9/IDO1/PARP10",3
"GO:0019363","GO:0019363","pyridine nucleotide biosynthetic process","3/181","29/18860",0.103448275862069,10.7791960373404,5.18784827528051,0.00264383628664132,0.0334275142380293,0.0285600449307319,"PARP9/IDO1/PARP10",3
"GO:1901873","GO:1901873","regulation of post-translational protein modification","8/181","247/18860",0.0323886639676113,3.37486299684613,3.69828737828447,0.00270873045049804,0.0340792983772019,0.0291169210468366,"ISG15/NMI/DTX3L/MYCBP2/HIF1A/TANK/TRIM21/PARP10",8
"GO:0010212","GO:0010212","response to ionizing radiation","6/181","145/18860",0.0413793103448276,4.31167841493618,3.94057002491546,0.00278275554496285,0.0348390081462506,0.0297660074546336,"CXCL10/IFI16/TREX1/PML/SOD2/TANK",6
"GO:0097300","GO:0097300","programmed necrotic cell death","4/181","61/18860",0.0655737704918033,6.83271442804094,4.49148614075448,0.00279656621459947,0.0348411224979856,0.0297678139299857,"RBCK1/ZBP1/CFLAR/FAS",4
"GO:0032640","GO:0032640","tumor necrosis factor production","7/181","196/18860",0.0357142857142857,3.72138910812944,3.76997197421293,0.00289226706060487,0.0356852660521007,0.0304890394947059,"OAS1/OAS2/IFIH1/OAS3/LGALS9/TREX1/MYD88",7
"GO:0032680","GO:0032680","regulation of tumor necrosis factor production","7/181","196/18860",0.0357142857142857,3.72138910812944,3.76997197421293,0.00289226706060487,0.0356852660521007,0.0304890394947059,"OAS1/OAS2/IFIH1/OAS3/LGALS9/TREX1/MYD88",7
"GO:0060142","GO:0060142","regulation of syncytium formation by plasma membrane fusion","3/181","30/18860",0.1,10.4198895027624,5.08280071626046,0.00291703875889347,0.0358178701452593,0.0306023347529664,"CXCL10/CCL8/CFLAR",3
"GO:0002275","GO:0002275","myeloid cell activation involved in immune response","5/181","102/18860",0.0490196078431373,5.10778897194237,4.0948382500196,0.00302963626764266,0.0370224451079395,0.0316315083496512,"IFI35/NMI/LGALS9/TREX1/MYD88",5
"GO:0032755","GO:0032755","positive regulation of interleukin-6 production","5/181","103/18860",0.0485436893203883,5.05819878774875,4.06529481964967,0.00315991813330506,0.038430623392672,0.032834638046824,"IFIH1/LGALS9/UNC93B1/TLR7/MYD88",5
"GO:0042770","GO:0042770","signal transduction in response to DNA damage","7/181","200/18860",0.035,3.64696132596685,3.70449131344472,0.00323446289562256,0.0391507973242655,0.0334499455356726,"FBXO6/PARP9/PMAIP1/SP100/TREX1/PML/DTX3L",7
"GO:0071706","GO:0071706","tumor necrosis factor superfamily cytokine production","7/181","201/18860",0.0348258706467662,3.62881723976801,3.68838330181743,0.00332465312475069,0.0398646200967759,0.0340598266746142,"OAS1/OAS2/IFIH1/OAS3/LGALS9/TREX1/MYD88",7
"GO:1903555","GO:1903555","regulation of tumor necrosis factor superfamily cytokine production","7/181","201/18860",0.0348258706467662,3.62881723976801,3.68838330181743,0.00332465312475069,0.0398646200967759,0.0340598266746142,"OAS1/OAS2/IFIH1/OAS3/LGALS9/TREX1/MYD88",7
"GO:0032682","GO:0032682","negative regulation of chemokine production","3/181","32/18860",0.09375,9.76864640883978,4.8868303081505,0.00351400498553716,0.0414550691181004,0.0354186861813552,"OAS1/OAS3/LGALS9",3
"GO:0043101","GO:0043101","purine-containing compound salvage","3/181","32/18860",0.09375,9.76864640883978,4.8868303081505,0.00351400498553716,0.0414550691181004,0.0354186861813552,"PARP9/DCK/PARP10",3
"GO:0072525","GO:0072525","pyridine-containing compound biosynthetic process","3/181","32/18860",0.09375,9.76864640883978,4.8868303081505,0.00351400498553716,0.0414550691181004,0.0354186861813552,"PARP9/IDO1/PARP10",3
"GO:0032757","GO:0032757","positive regulation of interleukin-8 production","4/181","65/18860",0.0615384615384615,6.41223969400765,4.30263337888222,0.00352222004644784,0.0414550691181004,0.0354186861813552,"LGALS9/TLR7/PRKD2/MYD88",4
"GO:0051289","GO:0051289","protein homotetramerization","4/181","66/18860",0.0606060606060606,6.31508454712875,4.2578890478234,0.00372179948988373,0.0436031004457021,0.0372539369508883,"GBP5/SOD2/SAMHD1/EVL",4
"GO:0032092","GO:0032092","positive regulation of protein binding","2/181","10/18860",0.2,20.8397790055249,6.17736068318111,0.00391837893179978,0.0454888172355302,0.0388650695005787,"DTX3L/TRIM21",2
"GO:0032364","GO:0032364","intracellular oxygen homeostasis","2/181","10/18860",0.2,20.8397790055249,6.17736068318111,0.00391837893179978,0.0454888172355302,0.0388650695005787,"SOD2/HIF1A",2
"GO:0051098","GO:0051098","regulation of binding","5/181","109/18860",0.0458715596330275,4.77976582695524,3.89571998179235,0.00402783812481436,0.0465479573338275,0.0397699853905223,"IFI16/CARD16/PARP9/DTX3L/TRIM21",5
"GO:0016925","GO:0016925","protein sumoylation","4/181","68/18860",0.0588235294117647,6.12934676633084,4.17111171167964,0.00414369404491294,0.0476711468049894,0.0407296242536961,"IFIH1/PML/BCL11A/TRIM38",4
"GO:0141087","GO:0141087","positive regulation of inflammasome-mediated signaling pathway","3/181","34/18860",0.0882352941176471,9.19402014949626,4.70738008357328,0.00418044458336947,0.0478782756319534,0.0409065925009436,"GBP2/GBP5/MYD88",3
